COD SECAO;DESC SECAO;COD PROD;DESC PROD;COD FIL;OPERACAO;QUANT;DT INICIO;MERC/CONJ
16;TELEFONIA - SAMSUNG E OUTROS            ;4468147;CEL.DESB.IPHONE XS MAX SPACE GRAY 64GB MT502BZ/A. ;38;D;2;2018-12-07;1
16;TELEFONIA - SAMSUNG E OUTROS            ;4468163;CEL.DESB.IPHONE XS MAX GOLD 64GB MT522BZ/A..      ;38;D;2;2018-12-07;1
16;TELEFONIA - SAMSUNG E OUTROS            ;4468236;CEL.DESB.IPHONE XS SPACE GRAY 64GB MT9E2BZ/A..    ;38;D;2;2018-11-06;1
3;FOGOES                                  ;6343;FG 4B COOKTOP CONSUL CD060AE BIV PRETO            ;49;D;1;2020-07-06;1
13;TELEVISORES                             ;4576241;TV 82" LED UHD 4K LG 82UM7570PSB BT/HDMI/WIFI .   ;49;D;2;2020-07-10;1
3;FOGOES                                  ;6343;FG 4B COOKTOP CONSUL CD060AE BIV PRETO            ;70;D;1;2020-07-06;1
3;FOGOES                                  ;6343;FG 4B COOKTOP CONSUL CD060AE BIV PRETO            ;73;D;1;2020-07-06;1
13;TELEVISORES                             ;4539125;TV 65" QLED UHD 8K SAMSUNG QN65Q900RB WIFI.       ;73;D;1;2019-04-03;1
13;TELEVISORES                             ;4757068;TV 65" OLED 4K LG OLED65GXPSA SMART WIFI/BT/HDMI. ;73;D;1;2020-10-23;1
1;REFRIGERACAO                            ;4737377;REF FDR 3P 614L SAMSUNG RF27T5501SG/AZ 127V       ;78;D;1;2020-10-16;1
2;SECADORAS DE PISO                       ;4042140;L/S 17 KG LG WD17VTS6 TT 110V ACO.                ;78;D;1;2019-09-23;1
13;TELEVISORES                             ;4335082;TV 55" LED UHD 4K SAMSUNG THE FRAME 55LS003 WIFI. ;78;D;2;2018-12-05;1
13;TELEVISORES                             ;4539125;TV 65" QLED UHD 8K SAMSUNG QN65Q900RB WIFI.       ;78;D;1;2019-04-03;1
13;TELEVISORES                             ;4540883;TV 82 QLED UHD 4K SAMSUNG QN82Q60RA WIFI MOD AMB  ;78;D;1;2019-08-21;1
13;TELEVISORES                             ;4618300;TV 55" QLED UHD 4K SAMGUNG THE FRAME 55LS03R WIFI.;78;D;1;2019-10-14;1
13;TELEVISORES                             ;4695429;TV 86" LED 4K LG 86UN8000PSB SMART WIFI/BT/HDMI ..;78;D;2;2020-08-14;1
13;TELEVISORES                             ;4757068;TV 65" OLED 4K LG OLED65GXPSA SMART WIFI/BT/HDMI. ;78;D;1;2020-10-23;1
16;TELEFONIA - SAMSUNG E OUTROS            ;4468147;CEL.DESB.IPHONE XS MAX SPACE GRAY 64GB MT502BZ/A. ;78;D;2;2019-01-21;1
13;TELEVISORES                             ;4539125;TV 65" QLED UHD 8K SAMSUNG QN65Q900RB WIFI.       ;161;D;1;2019-04-03;1
16;TELEFONIA - SAMSUNG E OUTROS            ;4269853;CEL. DESB. MOTO Z3 PLAY POWER DTV INDIGO XT1929   ;191;D;2;2019-01-25;1
13;TELEVISORES                             ;4572831;TV 32 LED HD TCL 32S6500S HDMI/USB/WIFI           ;199;D;2;2020-09-14;1
13;TELEVISORES                             ;4572840;TV 43 LED FHD TCL 43S6500FS HDMI/USB/WIFI         ;199;D;2;2020-09-14;1
13;TELEVISORES                             ;4631145;TV 50" LED UHD 4K TCL 50P8M HDR/WIFI .            ;199;D;2;2020-09-14;1
13;TELEVISORES                             ;4539125;TV 65" QLED UHD 8K SAMSUNG QN65Q900RB WIFI.       ;211;D;1;2019-04-03;1
13;TELEVISORES                             ;4695062;TV 82" UHD 4K CRYSTAL SAMSUNG 82TU8000 HDMI/USB/W.;211;D;1;2020-05-28;1
13;TELEVISORES                             ;4757068;TV 65" OLED 4K LG OLED65GXPSA SMART WIFI/BT/HDMI. ;211;D;1;2020-10-23;1
1;REFRIGERACAO                            ;4088930;REF QDR 564L SAMSUNG RF56K9040SR TRPL COL 110V I  ;215;D;1;2020-10-16;1
1;REFRIGERACAO                            ;4477960;REF SBS 501L SAMSUNG RS50N3413S8/AZ DISP 110V IN .;215;D;1;2020-10-16;1
1;REFRIGERACAO                            ;4688074;REF SBS 602L SAMSUNG RS65R5691M9/AZ C.LOOK 127V IN;215;D;1;2020-09-30;1
1;REFRIGERACAO                            ;4737377;REF FDR 3P 614L SAMSUNG RF27T5501SG/AZ 127V       ;215;D;1;2020-09-30;1
13;TELEVISORES                             ;4539125;TV 65" QLED UHD 8K SAMSUNG QN65Q900RB WIFI.       ;215;D;1;2019-04-03;1
13;TELEVISORES                             ;4679431;TV 75" QLED UHD 8K SAMSUNG QN75Q800T USB/WIF .    ;215;D;1;2020-09-02;1
16;TELEFONIA - SAMSUNG E OUTROS            ;4468147;CEL.DESB.IPHONE XS MAX SPACE GRAY 64GB MT502BZ/A. ;215;D;2;2018-12-07;1
16;TELEFONIA - SAMSUNG E OUTROS            ;4468236;CEL.DESB.IPHONE XS SPACE GRAY 64GB MT9E2BZ/A..    ;215;D;2;2018-11-06;1
66;ACESSORIOS E PERIFERICOS                ;4604504;RELOGIO SMART HUAWEI GT.....                      ;215;D;2;2019-08-19;1
16;TELEFONIA - SAMSUNG E OUTROS            ;4468147;CEL.DESB.IPHONE XS MAX SPACE GRAY 64GB MT502BZ/A. ;258;D;2;2018-12-07;1
13;TELEVISORES                             ;4539125;TV 65" QLED UHD 8K SAMSUNG QN65Q900RB WIFI.       ;341;D;1;2019-04-03;1
16;TELEFONIA - SAMSUNG E OUTROS            ;4468236;CEL.DESB.IPHONE XS SPACE GRAY 64GB MT9E2BZ/A..    ;342;D;2;2018-12-07;1
16;TELEFONIA - SAMSUNG E OUTROS            ;4468147;CEL.DESB.IPHONE XS MAX SPACE GRAY 64GB MT502BZ/A. ;423;D;2;2018-12-07;1
13;TELEVISORES                             ;4618300;TV 55" QLED UHD 4K SAMGUNG THE FRAME 55LS03R WIFI.;442;D;1;2019-10-14;1
13;TELEVISORES                             ;4539125;TV 65" QLED UHD 8K SAMSUNG QN65Q900RB WIFI.       ;461;D;1;2019-04-03;1
13;TELEVISORES                             ;4540883;TV 82 QLED UHD 4K SAMSUNG QN82Q60RA WIFI MOD AMB  ;461;D;1;2019-08-21;1
13;TELEVISORES                             ;4618300;TV 55" QLED UHD 4K SAMGUNG THE FRAME 55LS03R WIFI.;461;D;1;2019-10-14;1
13;TELEVISORES                             ;4757068;TV 65" OLED 4K LG OLED65GXPSA SMART WIFI/BT/HDMI. ;461;D;1;2020-10-23;1
16;TELEFONIA - SAMSUNG E OUTROS            ;4468147;CEL.DESB.IPHONE XS MAX SPACE GRAY 64GB MT502BZ/A. ;461;D;2;2018-12-07;1
16;TELEFONIA - SAMSUNG E OUTROS            ;4468236;CEL.DESB.IPHONE XS SPACE GRAY 64GB MT9E2BZ/A..    ;461;D;2;2018-11-06;1
66;ACESSORIOS E PERIFERICOS                ;4604504;RELOGIO SMART HUAWEI GT.....                      ;461;D;2;2019-08-19;1
3;FOGOES                                  ;6343;FG 4B COOKTOP CONSUL CD060AE BIV PRETO            ;476;D;1;2020-07-06;1
16;TELEFONIA - SAMSUNG E OUTROS            ;4468147;CEL.DESB.IPHONE XS MAX SPACE GRAY 64GB MT502BZ/A. ;516;D;2;2018-12-07;1
16;TELEFONIA - SAMSUNG E OUTROS            ;4468236;CEL.DESB.IPHONE XS SPACE GRAY 64GB MT9E2BZ/A..    ;516;D;2;2018-11-06;1
16;TELEFONIA - SAMSUNG E OUTROS            ;4468236;CEL.DESB.IPHONE XS SPACE GRAY 64GB MT9E2BZ/A..    ;531;D;2;2018-12-07;1
13;TELEVISORES                             ;4695372;TV 65" NANOCELL 4K LG 65NANO86SNA SMART WF/BT/HDMI;648;D;2;2020-11-23;1
16;TELEFONIA - SAMSUNG E OUTROS            ;4468147;CEL.DESB.IPHONE XS MAX SPACE GRAY 64GB MT502BZ/A. ;648;D;2;2018-12-07;1
16;TELEFONIA - SAMSUNG E OUTROS            ;4468236;CEL.DESB.IPHONE XS SPACE GRAY 64GB MT9E2BZ/A..    ;648;D;2;2018-11-06;1
16;TELEFONIA - SAMSUNG E OUTROS            ;4468147;CEL.DESB.IPHONE XS MAX SPACE GRAY 64GB MT502BZ/A. ;673;D;2;2018-12-07;1
16;TELEFONIA - SAMSUNG E OUTROS            ;4468236;CEL.DESB.IPHONE XS SPACE GRAY 64GB MT9E2BZ/A..    ;673;D;2;2018-11-06;1
16;TELEFONIA - SAMSUNG E OUTROS            ;4468147;CEL.DESB.IPHONE XS MAX SPACE GRAY 64GB MT502BZ/A. ;680;D;2;2018-12-07;1
16;TELEFONIA - SAMSUNG E OUTROS            ;4468163;CEL.DESB.IPHONE XS MAX GOLD 64GB MT522BZ/A..      ;680;D;2;2018-12-07;1
16;TELEFONIA - SAMSUNG E OUTROS            ;4468236;CEL.DESB.IPHONE XS SPACE GRAY 64GB MT9E2BZ/A..    ;680;D;2;2018-11-06;1
16;TELEFONIA - SAMSUNG E OUTROS            ;4468147;CEL.DESB.IPHONE XS MAX SPACE GRAY 64GB MT502BZ/A. ;685;D;2;2018-12-07;1
16;TELEFONIA - SAMSUNG E OUTROS            ;4468236;CEL.DESB.IPHONE XS SPACE GRAY 64GB MT9E2BZ/A..    ;685;D;2;2018-11-06;1
16;TELEFONIA - SAMSUNG E OUTROS            ;4468147;CEL.DESB.IPHONE XS MAX SPACE GRAY 64GB MT502BZ/A. ;741;D;2;2018-12-07;1
16;TELEFONIA - SAMSUNG E OUTROS            ;4468236;CEL.DESB.IPHONE XS SPACE GRAY 64GB MT9E2BZ/A..    ;741;D;2;2018-11-06;1
16;TELEFONIA - SAMSUNG E OUTROS            ;4468147;CEL.DESB.IPHONE XS MAX SPACE GRAY 64GB MT502BZ/A. ;912;D;2;2018-12-07;1
16;TELEFONIA - SAMSUNG E OUTROS            ;4468236;CEL.DESB.IPHONE XS SPACE GRAY 64GB MT9E2BZ/A..    ;912;D;2;2018-11-06;1
16;TELEFONIA - SAMSUNG E OUTROS            ;4269845;CEL. DESB. MOTO Z3 PLAY ST SPEAKER INDIGO XT1929..;913;D;2;2019-01-25;1
15;COMPUTADORES                            ;4615190;NOT LENOVO S145 CI5 8GB 1TB 15 6HD W10            ;1000;D;2;2020-08-31;1
15;COMPUTADORES                            ;4654862;NOT LENOVO S145 RYZEN 5/8GB/1TB/W10/15.6 HD       ;1000;D;2;2020-08-19;1
15;COMPUTADORES                            ;4701674;NOT SAM NP550XCJ-KO1BR CEL/4GB/500GB/15.6/W10/PTA ;1000;D;2;2020-08-19;1
15;COMPUTADORES                            ;4701720;NOT SAM NP550XCJ-KF1BR CI5/8GB/1TB/15.6/W10/PTA...;1000;D;2;2020-08-19;1
16;TELEFONIA - SAMSUNG E OUTROS            ;4388550;CEL DESB ASUS ZENFONE 5 64GB PTO ZE620KL.         ;1000;D;2;2019-01-25;1
16;TELEFONIA - SAMSUNG E OUTROS            ;4468147;CEL.DESB.IPHONE XS MAX SPACE GRAY 64GB MT502BZ/A. ;1000;D;2;2018-12-07;1
16;TELEFONIA - SAMSUNG E OUTROS            ;4468236;CEL.DESB.IPHONE XS SPACE GRAY 64GB MT9E2BZ/A..    ;1000;D;2;2018-11-06;1
128;ELETROPORTATEIS                         ;4205570;FRIT ELET MONDIAL S/OLEO NAF-03 3-2L/4L PT 220V   ;1009;D;1;2021-03-31;1
16;TELEFONIA - SAMSUNG E OUTROS            ;4468147;CEL.DESB.IPHONE XS MAX SPACE GRAY 64GB MT502BZ/A. ;1080;D;2;2018-12-07;1
16;TELEFONIA - SAMSUNG E OUTROS            ;4468236;CEL.DESB.IPHONE XS SPACE GRAY 64GB MT9E2BZ/A..    ;1080;D;2;2018-11-06;1
13;TELEVISORES                             ;4572831;TV 32 LED HD TCL 32S6500S HDMI/USB/WIFI           ;1113;D;2;2020-09-14;1
13;TELEVISORES                             ;4572840;TV 43 LED FHD TCL 43S6500FS HDMI/USB/WIFI         ;1113;D;2;2020-09-14;1
13;TELEVISORES                             ;4631145;TV 50" LED UHD 4K TCL 50P8M HDR/WIFI .            ;1113;D;2;2020-11-04;1
16;TELEFONIA - SAMSUNG E OUTROS            ;4473566;CEL. DESB. MOTO E5 32GB OURO XT1944 .             ;1114;D;2;2019-01-11;1
13;TELEVISORES                             ;4572831;TV 32 LED HD TCL 32S6500S HDMI/USB/WIFI           ;1133;D;2;2020-09-14;1
13;TELEVISORES                             ;4572840;TV 43 LED FHD TCL 43S6500FS HDMI/USB/WIFI         ;1133;D;2;2020-09-14;1
13;TELEVISORES                             ;4631145;TV 50" LED UHD 4K TCL 50P8M HDR/WIFI .            ;1133;D;2;2020-09-14;1
16;TELEFONIA - SAMSUNG E OUTROS            ;4468147;CEL.DESB.IPHONE XS MAX SPACE GRAY 64GB MT502BZ/A. ;1142;D;2;2018-12-07;1
16;TELEFONIA - SAMSUNG E OUTROS            ;4468147;CEL.DESB.IPHONE XS MAX SPACE GRAY 64GB MT502BZ/A. ;1181;D;2;2018-12-07;1
16;TELEFONIA - SAMSUNG E OUTROS            ;4468236;CEL.DESB.IPHONE XS SPACE GRAY 64GB MT9E2BZ/A..    ;1181;D;2;2018-11-06;1
16;TELEFONIA - SAMSUNG E OUTROS            ;4473566;CEL. DESB. MOTO E5 32GB OURO XT1944 .             ;1252;D;2;2019-01-11;1
16;TELEFONIA - SAMSUNG E OUTROS            ;4468147;CEL.DESB.IPHONE XS MAX SPACE GRAY 64GB MT502BZ/A. ;1288;D;2;2018-12-07;1
16;TELEFONIA - SAMSUNG E OUTROS            ;4468236;CEL.DESB.IPHONE XS SPACE GRAY 64GB MT9E2BZ/A..    ;1288;D;2;2018-11-06;1
3;FOGOES                                  ;6343;FG 4B COOKTOP CONSUL CD060AE BIV PRETO            ;1296;D;1;2020-07-06;1
3;FOGOES                                  ;6343;FG 4B COOKTOP CONSUL CD060AE BIV PRETO            ;1297;D;1;2020-07-06;1
3;FOGOES                                  ;6343;FG 4B COOKTOP CONSUL CD060AE BIV PRETO            ;1298;D;1;2020-07-06;1
3;FOGOES                                  ;6343;FG 4B COOKTOP CONSUL CD060AE BIV PRETO            ;1310;D;1;2020-07-06;1
3;FOGOES                                  ;6343;FG 4B COOKTOP CONSUL CD060AE BIV PRETO            ;1314;D;1;2020-07-06;1
3;FOGOES                                  ;6343;FG 4B COOKTOP CONSUL CD060AE BIV PRETO            ;1315;D;1;2020-07-06;1
3;FOGOES                                  ;6343;FG 4B COOKTOP CONSUL CD060AE BIV PRETO            ;1323;D;1;2020-07-06;1
3;FOGOES                                  ;6343;FG 4B COOKTOP CONSUL CD060AE BIV PRETO            ;1325;D;1;2020-07-06;1
3;FOGOES                                  ;6343;FG 4B COOKTOP CONSUL CD060AE BIV PRETO            ;1334;D;1;2020-07-06;1
13;TELEVISORES                             ;4539125;TV 65" QLED UHD 8K SAMSUNG QN65Q900RB WIFI.       ;1358;D;1;2019-04-03;1
16;TELEFONIA - SAMSUNG E OUTROS            ;4468147;CEL.DESB.IPHONE XS MAX SPACE GRAY 64GB MT502BZ/A. ;1407;D;2;2018-12-07;1
16;TELEFONIA - SAMSUNG E OUTROS            ;4468236;CEL.DESB.IPHONE XS SPACE GRAY 64GB MT9E2BZ/A..    ;1407;D;2;2018-11-06;1
13;TELEVISORES                             ;4396618;TV 55 QLED UHD 4K SAMSUNG QN55Q7FNA WIFI MOD AMB  ;1423;D;1;2018-11-09;1
13;TELEVISORES                             ;4572831;TV 32 LED HD TCL 32S6500S HDMI/USB/WIFI           ;1424;D;2;2020-09-16;1
13;TELEVISORES                             ;4572840;TV 43 LED FHD TCL 43S6500FS HDMI/USB/WIFI         ;1424;D;2;2020-09-16;1
13;TELEVISORES                             ;4631145;TV 50" LED UHD 4K TCL 50P8M HDR/WIFI .            ;1424;D;2;2020-09-16;1
13;TELEVISORES                             ;4572831;TV 32 LED HD TCL 32S6500S HDMI/USB/WIFI           ;1425;D;2;2020-09-16;1
13;TELEVISORES                             ;4572840;TV 43 LED FHD TCL 43S6500FS HDMI/USB/WIFI         ;1425;D;2;2020-09-16;1
13;TELEVISORES                             ;4631145;TV 50" LED UHD 4K TCL 50P8M HDR/WIFI .            ;1425;D;2;2020-09-16;1
13;TELEVISORES                             ;4539125;TV 65" QLED UHD 8K SAMSUNG QN65Q900RB WIFI.       ;1480;D;1;2019-04-03;1
13;TELEVISORES                             ;4540883;TV 82 QLED UHD 4K SAMSUNG QN82Q60RA WIFI MOD AMB  ;1480;D;1;2019-08-21;1
13;TELEVISORES                             ;4757068;TV 65" OLED 4K LG OLED65GXPSA SMART WIFI/BT/HDMI. ;1480;D;1;2020-10-23;1
16;TELEFONIA - SAMSUNG E OUTROS            ;4468147;CEL.DESB.IPHONE XS MAX SPACE GRAY 64GB MT502BZ/A. ;1480;D;2;2018-12-07;1
16;TELEFONIA - SAMSUNG E OUTROS            ;4468236;CEL.DESB.IPHONE XS SPACE GRAY 64GB MT9E2BZ/A..    ;1480;D;2;2018-11-06;1
13;TELEVISORES                             ;4384520;TV 32"LED HD SAMSUNG 32J4290 DTV/USB/WIFI         ;1485;D;2;2018-11-21;1
13;TELEVISORES                             ;4572831;TV 32 LED HD TCL 32S6500S HDMI/USB/WIFI           ;1519;D;2;2020-11-13;1
3;FOGOES                                  ;6343;FG 4B COOKTOP CONSUL CD060AE BIV PRETO            ;1569;D;1;2020-07-06;1
13;TELEVISORES                             ;4618300;TV 55" QLED UHD 4K SAMGUNG THE FRAME 55LS03R WIFI.;1572;D;1;2019-10-14;1
13;TELEVISORES                             ;4695062;TV 82" UHD 4K CRYSTAL SAMSUNG 82TU8000 HDMI/USB/W.;1572;D;1;2020-05-28;1
13;TELEVISORES                             ;4757068;TV 65" OLED 4K LG OLED65GXPSA SMART WIFI/BT/HDMI. ;1572;D;1;2020-10-23;1
16;TELEFONIA - SAMSUNG E OUTROS            ;4468147;CEL.DESB.IPHONE XS MAX SPACE GRAY 64GB MT502BZ/A. ;1582;D;2;2018-12-07;1
16;TELEFONIA - SAMSUNG E OUTROS            ;4468236;CEL.DESB.IPHONE XS SPACE GRAY 64GB MT9E2BZ/A..    ;1582;D;2;2018-11-06;1
3;FOGOES                                  ;6343;FG 4B COOKTOP CONSUL CD060AE BIV PRETO            ;1610;D;1;2020-07-06;1
13;TELEVISORES                             ;4572831;TV 32 LED HD TCL 32S6500S HDMI/USB/WIFI           ;1639;D;2;2020-11-04;1
13;TELEVISORES                             ;4572840;TV 43 LED FHD TCL 43S6500FS HDMI/USB/WIFI         ;1639;D;2;2020-11-04;1
13;TELEVISORES                             ;4631145;TV 50" LED UHD 4K TCL 50P8M HDR/WIFI .            ;1639;D;2;2020-11-04;1
13;TELEVISORES                             ;4572831;TV 32 LED HD TCL 32S6500S HDMI/USB/WIFI           ;1645;D;2;2020-11-04;1
13;TELEVISORES                             ;4572840;TV 43 LED FHD TCL 43S6500FS HDMI/USB/WIFI         ;1645;D;2;2020-11-04;1
13;TELEVISORES                             ;4631145;TV 50" LED UHD 4K TCL 50P8M HDR/WIFI .            ;1645;D;2;2020-11-04;1
13;TELEVISORES                             ;4572831;TV 32 LED HD TCL 32S6500S HDMI/USB/WIFI           ;1663;D;2;2020-11-13;1
13;TELEVISORES                             ;4572831;TV 32 LED HD TCL 32S6500S HDMI/USB/WIFI           ;1706;D;2;2020-11-04;1
13;TELEVISORES                             ;4572840;TV 43 LED FHD TCL 43S6500FS HDMI/USB/WIFI         ;1706;D;2;2020-11-04;1
13;TELEVISORES                             ;4631145;TV 50" LED UHD 4K TCL 50P8M HDR/WIFI .            ;1706;D;2;2020-11-04;1
13;TELEVISORES                             ;4572831;TV 32 LED HD TCL 32S6500S HDMI/USB/WIFI           ;1764;D;2;2020-11-04;1
13;TELEVISORES                             ;4572840;TV 43 LED FHD TCL 43S6500FS HDMI/USB/WIFI         ;1764;D;2;2020-11-04;1
13;TELEVISORES                             ;4631145;TV 50" LED UHD 4K TCL 50P8M HDR/WIFI .            ;1764;D;2;2020-11-04;1
13;TELEVISORES                             ;4539125;TV 65" QLED UHD 8K SAMSUNG QN65Q900RB WIFI.       ;1766;D;1;2019-04-03;1
13;TELEVISORES                             ;4572831;TV 32 LED HD TCL 32S6500S HDMI/USB/WIFI           ;1788;D;2;2020-11-13;1
3;FOGOES                                  ;6343;FG 4B COOKTOP CONSUL CD060AE BIV PRETO            ;1814;D;1;2020-07-06;1
81;LAVADORAS SEMI AUTOMATICAS              ;2994020;CENTRIFUGA 10-5KG SUGGAR GIROMAX CT102 220V ..    ;1860;R;1;2019-12-18;1
3;FOGOES                                  ;6343;FG 4B COOKTOP CONSUL CD060AE BIV PRETO            ;1921;D;1;2020-07-06;1
13;TELEVISORES                             ;4572831;TV 32 LED HD TCL 32S6500S HDMI/USB/WIFI           ;1980;D;2;2020-09-16;1
13;TELEVISORES                             ;4572840;TV 43 LED FHD TCL 43S6500FS HDMI/USB/WIFI         ;1980;D;2;2020-09-16;1
13;TELEVISORES                             ;4631145;TV 50" LED UHD 4K TCL 50P8M HDR/WIFI .            ;1980;D;2;2020-09-16;1
1;REFRIGERACAO                            ;4693;CEL. DESB. MOTO XT1650 Z POWER ED 64GB BC/DR ..   ;1981;D;1;2020-05-07;1
1;REFRIGERACAO                            ;3455548;CEL. DESB. LG K220 X POWER DR CAM ...             ;1981;D;1;2020-05-07;1
1;REFRIGERACAO                            ;3735087;CEL.DESB.IPHONE 6S 32GB GOLD MN112BR/A.           ;1981;D;1;2020-05-07;1
1;REFRIGERACAO                            ;3735095;CEL.DESB.IPHONE 6S 32GB ROSE GOLD MN122BR/A .     ;1981;D;1;2020-05-07;1
1;REFRIGERACAO                            ;3919013;CEL. DESB. ASUS ZENFONE 3 MAX 32GB DR ZC553KL...  ;1981;D;1;2020-05-07;1
1;REFRIGERACAO                            ;4052129;CEL. DESB. MOTO G5S PLUS OURO ROSE XT1802 ..      ;1981;D;1;2020-05-07;1
1;REFRIGERACAO                            ;4053478;REF FF 443L BRASTEMP BRE57ABB 220V - BC           ;1981;D;1;2020-05-07;1
1;REFRIGERACAO                            ;4100239;CEL.DEMO.APPLE IPHONE 8 64GB SPACE GRAY 3D035BZ/A.;1981;D;1;2020-05-07;1
1;REFRIGERACAO                            ;4269837;CEL. DESB. MOTO Z3 PLAY INDIGO XT1929             ;1981;D;1;2020-05-07;1
1;REFRIGERACAO                            ;4547705;REF FF 474L ELECTROLUX DF56S 220V                 ;1981;D;1;2020-05-07;1
1;REFRIGERACAO                            ;4547780;REF FF 402L ELECTROLUX DF44S 220V PLATINUM        ;1981;D;1;2020-05-07;1
1;REFRIGERACAO                            ;4553390;REF FF 384L SAMSUNG RT38K5530S8/BZ 220V INX       ;1981;D;1;2020-05-07;1
2;SECADORAS DE PISO                       ;3954935;LAV 14 0K PANASONIC NA F140B5WB 220V BC .         ;1981;D;1;2020-05-07;1
2;SECADORAS DE PISO                       ;4518055;LAV 12 0K PANASONIC NA-F120B5GB 220V CZ/PT .      ;1981;D;1;2020-05-07;1
2;SECADORAS DE PISO                       ;8189439;LAV 15-0K ELECT LTD15 TURBO ECON 220V BC          ;1981;D;1;2020-05-07;1
2;SECADORAS DE PISO                       ;8189498;LAV 13-0K ELECTROLUX LT13B TURBO 220V BC .        ;1981;D;1;2020-05-07;1
3;FOGOES                                  ;2970139;F MIC 20L GORENJE BM201E2X 220V INX..             ;1981;D;1;2020-05-07;1
3;FOGOES                                  ;3201279;COIFA 60CM PAREDE FISCHER TALENT VD 220V INX      ;1981;D;1;2020-05-07;1
3;FOGOES                                  ;3845427;FOR GAS 78L EMB BRASTEMP BOA84AE 220V PTO         ;1981;D;1;2020-05-07;1
3;FOGOES                                  ;3941841;FG 4B PISO ATLAS UTOP GLASS BIV PTO               ;1981;D;1;2020-05-07;1
3;FOGOES                                  ;3941850;FG 5B PISO ATLAS UTOP GLASS BIV PTO               ;1981;D;1;2020-05-07;1
3;FOGOES                                  ;3957950;FG 5B PISO CONSUL CFS5NABUNA BCO BIV              ;1981;D;1;2020-05-07;1
3;FOGOES                                  ;3957969;FG 5B PISO CONSUL CFS5NARUNA INX BIV.             ;1981;D;1;2020-05-07;1
3;FOGOES                                  ;3989283;FG 5B PISO CONSUL CFS5VAR VIDRO BIV               ;1981;D;1;2020-05-07;1
3;FOGOES                                  ;4044304;F MIC 32L CONSUL CMS45ABBNA 220V BC .             ;1981;D;1;2020-05-07;1
3;FOGOES                                  ;4222261;FG 5B PISO BRASTEMP BFS5ECB BIV BC                ;1981;D;1;2020-05-07;1
3;FOGOES                                  ;4222288;FG 5B PISO BRASTEMP BFS5NCR BIV INOX              ;1981;D;1;2020-05-07;1
3;FOGOES                                  ;4358635;F MIC 30L LG SOLO MS3057Q 220V PTO ..             ;1981;D;1;2020-05-07;1
3;FOGOES                                  ;4609263;F MIC 27L ELECTROLUX MS37R PRATA 220V             ;1981;D;1;2020-05-07;1
3;FOGOES                                  ;4615964;FG 6B PISO ELECTROLUX 76UB6 BIV BC .              ;1981;D;1;2020-05-07;1
3;FOGOES                                  ;4615972;FG 5B PISO ELECTROLUX 76UBQ BIV BC                ;1981;D;1;2020-05-07;1
3;FOGOES                                  ;4616766;FG 5B PISO BRASTEMP BFS5VCE BIV PTO .             ;1981;D;1;2020-05-07;1
3;FOGOES                                  ;9692339;FG 4B PISO BRASTEMP BFO4NAR CLEAN BIV INX .       ;1981;D;1;2020-05-07;1
12;UTILIDADES DOMESTICAS                   ;4025679;CJ 2PCS ASSADEIRA RETANGULAR 2.7L E 3.5L C/ALCA MA;1981;D;1;2020-05-07;1
12;UTILIDADES DOMESTICAS                   ;4042093;VVC CONJ PAN 7PCS TURIM TRAMONTINA VM...          ;1981;D;1;2020-05-07;1
12;UTILIDADES DOMESTICAS                   ;4205812;VVC PIPOQUEIRA PIC POC 5.5L BRINOX CEREJA         ;1981;D;1;2020-05-07;1
12;UTILIDADES DOMESTICAS                   ;4415914;VVC CONJ PAN 7PCS LUMINI ROCHEDO..                ;1981;D;1;2020-05-07;1
12;UTILIDADES DOMESTICAS                   ;4415981;VVC PAN PRES PPFE 4.5L ROCHEDO CLIPSO VERMELHA    ;1981;D;1;2020-05-07;1
12;UTILIDADES DOMESTICAS                   ;4432703;CJ 6 COPOS ESTELA LONG DRINK 460ML.               ;1981;D;1;2020-05-07;1
12;UTILIDADES DOMESTICAS                   ;4442210;CJ 6 COPOS OCA LONG DRINK 300ML                   ;1981;D;1;2020-05-07;1
12;UTILIDADES DOMESTICAS                   ;5012201;TABUA DE PASSAR CLASSIC/COMPACT NATURA TRAMONTINA ;1981;D;1;2020-05-07;1
13;TELEVISORES                             ;4024150;TV 49" LED FHD SAMSUNG 49J5200 DTV/USB/WIFI       ;1981;D;1;2020-05-07;1
13;TELEVISORES                             ;4376145;TV 65" LED UHD 4K SONY 65X905F DTV/USB/WIFI ..    ;1981;D;1;2020-05-07;1
13;TELEVISORES                             ;4396600;TV 55" QLED UHD 4K SAMSUNG QN55Q6FNA WIFI MOD AMB.;1981;D;1;2020-05-07;1
13;TELEVISORES                             ;4396618;TV 55 QLED UHD 4K SAMSUNG QN55Q7FNA WIFI MOD AMB  ;1981;D;1;2020-05-07;1
13;TELEVISORES                             ;4540522;TV 55" QLED UHD 4K SAMSUNG QN55Q60RA WIFI MOD AM .;1981;D;1;2020-05-07;1
13;TELEVISORES                             ;4540530;TV 55" QLED UHD 4K SAMSUNG QN55Q80RA WIFI MOD AMB.;1981;D;1;2020-05-07;1
13;TELEVISORES                             ;4540905;TV 75"LED UHD 4K SAMSUNG 75RU7100 HDMI/USB/WIFI ..;1981;D;1;2020-05-07;1
13;TELEVISORES                             ;4576195;TV 55" LED UHD 4K LG 55UM7650PSB BT/HDMI/WIFI ..  ;1981;D;1;2020-05-07;1
13;TELEVISORES                             ;4576217;TV 65" LED UHD 4K LG 65UM7470PSA BT/HDMI/WIFI .   ;1981;D;1;2020-05-07;1
13;TELEVISORES                             ;4576292;TV 65" LED NANOCELL 4K LG 65SM8600PSABT/HDMI/WIF..;1981;D;1;2020-05-07;1
13;TELEVISORES                             ;4576306;TV 65" LED NANOCELL 4K LG 65SM9000PSA BT/HDMI/WIF.;1981;D;1;2020-05-07;1
13;TELEVISORES                             ;4576322;TV 55" OLED UHD 4K LG OLED55C9PSA BT/HDMI/WIFI .  ;1981;D;1;2020-05-07;1
13;TELEVISORES                             ;4576330;TV 65" OLED UHD 4K LG OLED65C9PSA BT/HDMI/WIFI .. ;1981;D;1;2020-05-07;1
15;COMPUTADORES                            ;2539250;MOUSE ALL IN ONE 22V240 LBK55P1 BCO LG            ;1981;D;1;2020-05-07;1
15;COMPUTADORES                            ;2539276;TECLADO ALL IN ONE 22V240L BK55P1 BCO LG          ;1981;D;1;2020-05-07;1
15;COMPUTADORES                            ;3457109;NOT POS STILO ONE XC5631 PENT QC/4GB/32/14/W10.   ;1981;D;1;2020-05-07;1
15;COMPUTADORES                            ;4100590;TAB.SAMS.SM-T385 QC/AND7.1/16GB/PT                ;1981;D;1;2020-05-07;1
15;COMPUTADORES                            ;4249984;NOT SAM NP350XAA-KDABR CEL/ 4G/500G /15.6"HD /W   ;1981;D;1;2020-05-07;1
15;COMPUTADORES                            ;4269888;MULT EPSON L4160 ECO TANK                         ;1981;D;1;2020-05-07;1
15;COMPUTADORES                            ;4469704;NOT.POS.MOTION I3464A COREI3/4GB/64GB/W10         ;1981;D;1;2020-05-07;1
15;COMPUTADORES                            ;4597699;KIT MOUSE E TECLADO POSITIVO                      ;1981;D;1;2020-05-07;1
15;COMPUTADORES                            ;9694510;LAV 12K BRAST BWH12 ATIVE 220V BC.                ;1981;D;1;2020-05-07;1
16;TELEFONIA - SAMSUNG E OUTROS            ;4341031;CEL. DESB. SAMS GALAXY J8 64GB VIOLETA J810       ;1981;D;1;2020-05-07;1
16;TELEFONIA - SAMSUNG E OUTROS            ;4553799;CEL DESB ASUS ZENFONE MAX SHOT SILVER 4J002BR     ;1981;D;1;2020-05-07;1
16;TELEFONIA - SAMSUNG E OUTROS            ;4605780;CEL MOTOROLA ONE ZOOM BRONZE XT2010.              ;1981;D;1;2020-05-07;1
16;TELEFONIA - SAMSUNG E OUTROS            ;4612922;CEL DESB IPHONE 11 64GB BLACK MWLT2BZ/A .         ;1981;D;1;2020-05-07;1
16;TELEFONIA - SAMSUNG E OUTROS            ;9053450;CEL. TIM LG OPTIMUS L5 II DUAL PT CAM SUL.        ;1981;D;1;2020-05-07;1
26;VENTILACAO                              ;3468038;VENT 40CM ARNO TURBO SIL FORCE VF55 220V..        ;1981;D;1;2020-05-07;1
26;VENTILACAO                              ;4041917;VENT 40CM BRITANIA VENTUS 40 6P PTO E CZ 220V     ;1981;D;1;2020-05-07;1
26;VENTILACAO                              ;4508807;VENT BVT30 TURBO PRETO 220V                       ;1981;D;1;2020-05-07;1
66;ACESSORIOS E PERIFERICOS                ;4474880;RELOGIO SAMSUNG GALAXY WATCH BT 42MM R810 DOURADO ;1981;D;1;2020-05-07;1
66;ACESSORIOS E PERIFERICOS                ;4474953;RELOGIO GALAXY WATCH BT 46 MM R800 PRATA          ;1981;D;1;2020-05-07;1
75;AQUECEDORES                             ;3959090;AQUECEDOR MONDIAL A09 HALOGENO BR 220V..          ;1981;D;1;2020-05-07;1
128;ELETROPORTATEIS                         ;385743;PAN. PRESSAO MONDIAL 3L PE26 220V                 ;1981;D;1;2020-05-07;1
128;ELETROPORTATEIS                         ;1530020;MAQ CAFE TRES CORACOES MODO VM 220V               ;1981;D;1;2020-05-07;1
128;ELETROPORTATEIS                         ;4082133;MAQ CAFE NESPRESSO ESSENZA D30 VM 220V            ;1981;D;1;2020-05-07;1
128;ELETROPORTATEIS                         ;4082150;MAQ CAFE NESPRESSO ESSENZA C30 PTO 220V           ;1981;D;1;2020-05-07;1
128;ELETROPORTATEIS                         ;4437110;FRIT ELET ARNO S/OLEO IFRY 4-2L INOX 220V.        ;1981;D;1;2020-05-07;1
128;ELETROPORTATEIS                         ;4442121;MAQ. CAFE TRES CORACOES POP PLUS VM 220V          ;1981;D;1;2020-05-07;1
128;ELETROPORTATEIS                         ;4442466;MAQ CAFE TRES CORACOES LOV PREMIUM VM 220V        ;1981;D;1;2020-05-07;1
128;ELETROPORTATEIS                         ;4541804;CHALEIRA ELETRICA OSTER OCEL500 220V BREAKFAST    ;1981;D;1;2020-05-07;1
128;ELETROPORTATEIS                         ;4631900;ASP STICK 1000W ELECTROLUX DYN10 DYNAM AZ/PT 220V ;1981;D;1;2020-05-07;1
131;BELEZA E CUIDADOS PESSOAIS              ;311243;SECADOR 2100W TAIFF TITANIUM COLORS 220V.         ;1981;D;1;2020-05-07;1
131;BELEZA E CUIDADOS PESSOAIS              ;311278;PRAN TAIFF TITANIUM COLORS BIV .                  ;1981;D;1;2020-05-07;1
131;BELEZA E CUIDADOS PESSOAIS              ;3297900;SECADOR 2200W GAMA LUMINA ION VERM 220V.          ;1981;D;1;2020-05-07;1
131;BELEZA E CUIDADOS PESSOAIS              ;3297926;SECADOR 2200W GAMA LUMINA NANO TOURMALINE 220V.   ;1981;D;1;2020-05-07;1
131;BELEZA E CUIDADOS PESSOAIS              ;3919234;BARBEADOR GAMA GSH890 PTO/PTA BIV .               ;1981;D;1;2020-05-07;1
131;BELEZA E CUIDADOS PESSOAIS              ;4197763;UMIDIFICADOR DE AR 2-2L MONDIAL NUA02 AZ BIV.     ;1981;D;1;2020-05-07;1
131;BELEZA E CUIDADOS PESSOAIS              ;4206037;MAQ CORT CABELO 14W PHILCO PCR05S 220V            ;1981;D;1;2020-05-07;1
131;BELEZA E CUIDADOS PESSOAIS              ;4221591;APARADOR DE PELOS PHILIPS BT1209/15 BIV           ;1981;D;1;2020-05-07;1
131;BELEZA E CUIDADOS PESSOAIS              ;4529677;MAQ CORT CABELO MONDIAL HAIR STYLO CR07 220V.     ;1981;D;1;2020-05-07;1
131;BELEZA E CUIDADOS PESSOAIS              ;4571436;APARADOR DE PELOS PHILIPS MG3721/77 BIV           ;1981;D;1;2020-05-07;1
131;BELEZA E CUIDADOS PESSOAIS              ;4572130;SECADOR 2100W GAMA KERA-SHINE 3D 220V             ;1981;D;1;2020-05-08;1
131;BELEZA E CUIDADOS PESSOAIS              ;4613368;SECADOR 2400W GAMA MARULA BIV.                    ;1981;D;1;2020-05-07;1
131;BELEZA E CUIDADOS PESSOAIS              ;4613422;SECADOR 2500W GAMA SENSI 4D ROSE BIV.             ;1981;D;1;2020-05-07;1
138;BIG AUDIO                               ;4022211;MINI SYSTEM LG CJ88 USB BTH WRS CD KAR CR 2250W   ;1981;D;1;2020-05-08;1
138;BIG AUDIO                               ;4445376;HEADPHONE BTH JBL T600 D32 NC BASS VVOZ BLK.      ;1981;D;1;2020-05-11;1
138;BIG AUDIO                               ;4577159;MS 2150W SONY M80D DVD HDMI ARC BT FM W2X8 W10    ;1981;D;1;2020-05-08;1
13;TELEVISORES                             ;4572831;TV 32 LED HD TCL 32S6500S HDMI/USB/WIFI           ;2202;D;2;2020-09-16;1
13;TELEVISORES                             ;4572840;TV 43 LED FHD TCL 43S6500FS HDMI/USB/WIFI         ;2202;D;2;2020-09-16;1
13;TELEVISORES                             ;4631145;TV 50" LED UHD 4K TCL 50P8M HDR/WIFI .            ;2202;D;2;2020-09-16;1
