SKU;DESCRICAO;SETOR;ESPECIE;CLASSE;MARCACAO_B
4670329;BIC COLLI MTB HOT A 16 MASC . .                   ;17;520;34;B
4670337;BIC COLLI MTB HOT A 16 MASC . .                   ;17;520;34;B
4670345;BIC COLLI MTB A 16 FEM . .                        ;17;520;34;B
4670353;BIC COLLI MTB A 16 FEM . .                        ;17;520;34;B
4670361;BIC COLLI MTB A 16 FEM . .                        ;17;520;34;B
4670434;BIC  COLLI MAX BOY A 20 MASC                      ;17;525;34;B
4670442;BIC  COLLI MAX BOY A 20 MASC                      ;17;525;34;B
4670477;BIC COLLI CROSS EXTREME A 20 36R . .              ;17;525;34;B
4732251;BICICLETA CECI ARO 24 CALOI. .                    ;17;530;34;B
4737385;REF FDR 3P 614L SAMSUNG RF27T5501SG/BZ 220V .     ;26;2120;176;B
4740734;SPLIT WINDFREE 9000 SAMS AR09TSHCBWKNAZ Q/F 220V .;29;2222;171;B
4740742;COND WINDFREE 9000 SAMS AR09TSHCBWKXAZ Q/F 220V . ;29;2222;171;B
4740750;SPLIT WINDFREE 12000 SAMS AR12TSHCBWKNAZ Q/F 220V ;29;2222;171;B
4740769;COND WINDFREE 12000 SAMS AR12TSHCBBWKXAZ Q/F 220V ;29;2222;171;B
4740777;SPLIT WINDFREE 18000 SAMS AR18TSHCBWKNAZ Q/F 220V.;29;2222;171;B
4740785;COND WINDFREE 18000 SAMS AR18TSHCBWKXAZ Q/F 220V .;29;2222;171;B
4740793;SPLIT WINDFREE 22000 SAMS AR24TSHCBWKNAX Q/F 220V ;29;2222;171;B
4740807;COND WINDFREE 22000 SAMS AR24TSHCBWKXAZ Q/F 220V .;29;2222;171;B
4740815;SPLIT INV 9000 SAMS AR09TSHZDWKNAZ Q/F 220V .     ;29;2222;171;B
4740823;COND INV 9000 SAMS AR09TSHZDWKXAZ Q/F 220V .      ;29;2222;171;B
4740831;SPLIT INV 12000 SAMS AR12TSHZDWKNAZ Q/F 220V .    ;29;2222;171;B
4740840;COND INV 12000 SAMS AR12TSHZDWKXAZ Q/F 220V .     ;29;2222;171;B
4740858;SPLIT INV 18000 SAMS AR18TSHZDWKNAZ Q/F 220V .    ;29;2222;171;B
4740866;COND INV 18000 SAMS AR18TSHZDWKXAZ Q/F 220V       ;29;2222;171;B
4740874;SPLIT INV 22000 SAMS AR24TSHZDWKNAZ Q/F 220V .    ;29;2222;171;B
4740882;COND INV 22000 SAMS AR24TSHZDWKXAZ Q/F 220V .     ;29;2222;171;B
4740890;SPLIT INV 9000 SAMS AR09TVHZDWKNAZ FRIO 220V .    ;29;2222;171;B
4740904;COND INV 9000 SAMS AR09TVHZDWKXAZ FRIO 220V .     ;29;2222;171;B
4740912;SPLIT INV 12000 SAMS AR12TVHZDWKNAZ FRIO 220V .   ;29;2222;171;B
4740920;COND INV 12000 SAMS AR12TVHZDWKXAZ FRIO 220V .    ;29;2222;171;B
4740939;SPLIT INV 18000 SAMS AR18TVHZDWKNAZ FRIO 220V. .  ;29;2222;171;B
4740947;COND INV 18000 SAMS AR18TVHZDWKXAZ FRIO 220V .    ;29;2222;171;B
4740955;SPLIT INV 22000 SAMS AR24TVHZDWKNAZ FRIO 220V .   ;29;2222;171;B
4740963;COND INV 22000 SAMS AR24TVHZDWKXAZ FRIO 220V .    ;29;2222;171;B
4757840;PISCINA ESTRUTURADA 1.000 LITROS BOTAFOGO         ;17;2182;681;B
4757858;PISCINA ESTRUTURADA 1.500 LITROS BOTAFOGO         ;17;2182;681;B
4757866;PISCINA ESTRUTURADA 2.000 LITROS BOTAFOGO         ;17;2182;681;B
4759303;CENTRIFUGA 15KG SUGGAR GIROMAX CTBR501 110V       ;27;2015;180;B
4772091;SPLIT 9000 ELECTROLUX VI09R Q/F 220V              ;29;2225;171;B
4772105;COND 9000 ELECTROLUX VE09R Q/F 220V               ;29;2225;171;B
