SKU;DESCRICAO;SETOR;ESPECIE;CLASSE;MARCACAO_B
3968189;WOK 28CM C TP E ALCAS 3 55L MINT CBT BRINOX       ;22;2174;112;B
4402383;FAQUEIRO ACO INOX 24PCS HAVANA..                  ;22;3240;626;B
4436563;CHALEIRA C TAMPA VIDRO 2L PRATA ESPECIARIAS BRINOX;22;2053;112;B
4670329;BICICLETA HOT AMARELO E VERMELHO ARO 16 COLLI     ;17;520;34;B
4670337;BICICLETA HOT VERMELHO E AMARELO ARO 16 COLLI     ;17;520;34;B
4670345;BIC MTB BRANCA E ROXO FEM ARO 16 COLLI            ;17;520;34;B
4670353;BIC MTB ROSA E VERMELHA FEM ARO 16 COLLI          ;17;520;34;B
4670434;BIC MAX BOY BRANCO ARO 20 COLLI                   ;17;525;34;B
4670442;BIC  COLLI MAX BOY A 20 MASC                      ;17;525;34;B
4670477;BIC COLLI CROSS EXTREME A 20 36R . .              ;17;525;34;B
4732251;BICICLETA CECI ARO 24 CALOI. .                    ;17;530;34;B
4740939;SPLIT INV 18.000B SAMS AR18TVHZDWKNAZ FRIO 220V   ;29;2222;171;B
4740947;COND INV 18.000B SAMS AR18TVHZDWKXAZ FRIO 220V    ;29;2222;171;B
4740955;SPLIT INV 24000 BTUS SAMS AR24TVHZDWKNAZ FRIO 220V;29;2222;171;B
4740963;COND INV 24.000 BTUS SAMS AR24TVHZDWKXAZ FRIO 220V;29;2222;171;B
4757866;PISCINA ESTRUTURADA 2.000 LITROS BOTAFOGO         ;17;2182;681;B
4772091;SPLIT 9000 ELECTROLUX VI09R Q/F 220V              ;29;2225;171;B
4772105;COND 9000 ELECTROLUX VE09R Q/F 220V               ;29;2225;171;B
